id,iconKey
trumpet,tpt.png
trumpets-a3,tpts3.png
horn,hn.png
horns-a4,hns4.png
violins-i,vln1.png
violins-ii,vln2.png
violas,vla.png
celli,vc.png
basses,db.png
harp,hrp.png
trumpet-1,tpt1.png
trumpet-1-zampano,tpt1z.png
trumpet-2,tpt2.png
trombone-1,tbn1.png
trombone-2,tbn2.png
bass-trombone,btbn.png
trombone-ensemble,tbnens.png
tuba,tba.png
piccolo,picc.png
flute-1,fl1.png
flute-2,fl2.png
oboe-1-french,ob1.png
oboe-2-french,ob2.png
english-horn,eh.png
clarinet-bb-1,cl1.png
clarinet-bb-2,cl2.png
bass-clarinet,bcl.png
bassoon-1,bsn1.png
bassoon-2,bsn2.png
contrabassoon,cbn.png
flute,fl.png
flutes-a3,fls3.png
oboe,ob.png
oboes-a3,obs3.png
clarinet,cl.png
clarinets-a3,cls3.png
bassoon,bsn.png
bassoons-a3,bsns3.png
tenor-trombone,tenortbn.png
tenor-trombones-a3,tenortbns3.png
bass-trombones-a2,basstbns2.png
celeste,cel.png
glockenspiel,glock.png
timpani,timp.png
xylophone,xyl.png
marimba-rolled,mrbroll.png
tubular-bells,tubbells.png
marimba,mrb.png
anvil,anvil.png
bass-drum-1,bd1.png
bass-drum-2,bd2.png
cymbal,cym.png
military-drum,mildrum.png
piatti,piatti.png
snare-1,sn1.png
snare-2,sn2.png
tam-tam,tamtam.png
tambourine,tamb.png
tenor-drum,tendrum.png
toys,toys.png
triangle,tri.png
horn-1,hn1.png
horn-2,hn2.png
horn-3,hn3.png
horn-4,hn4.png
horn-ensemble,hnens.png
horn-ensemble-bells-up,hnbellsup.png
trumpet-3,tpt3.png
trumpet-ensemble,tptens.png
bass-tuba,btba.png
tin-whistle,tinwhistle.png
bansuri,bansuri.png
dizi,dizi.png
shakuhachi,shaku.png
flute-3,fl3.png
alto-flute,altofl.png
eb-clarinet,ebcl.png
contrabass-clarinet,cbcl.png
trumpets-a2,tpts2.png
trombones-a2,tbns2.png
flutes-a2,fls2.png
oboes-a2,obs2.png
clarinets-a2,cls2.png
bassoons-a2,bsns2.png
